first_name,last_name,email
Silvi,Tiran,silvi.tiran@mail.com
Nur,Lin,nur.lin@mail.com
Linda,Bambang,linda.bambang@mail.com
Afka,Dewi,afka.dewi@mail.com
Lindi,Dirgantara,lindi.dirgantara@mail.com
Lindi,Hasan,lindi.hasan@mail.com
Andhika,Darmawan,andhika.darmawan@mail.com
Fajar,Andi,fajar.andi@mail.com
Linda,Kurnia,linda.kurnia@mail.com
Hakim,Hasan,hakim.hasan@mail.com
Hakim,Darmawan,hakim.darmawan@mail.com
Aula,Anshari,aula.anshari@mail.com
Eri,Lin,eri.lin@mail.com
Indi,Prakoso,indi.prakoso@mail.com
Indi,Dewi,indi.dewi@mail.com
Ega,Aula,ega.aula@mail.com
Randi,Heri,randi.heri@mail.com
Lindi,Hasan,lindi.hasan@mail.com
Aji,Andhika,aji.andhika@mail.com
Andhani,Prayogo,andhani.prayogo@mail.com
Andhani,Dewi,andhani.dewi@mail.com
Randi,Andi,randi.andi@mail.com
Ari,Prasetyo,ari.prasetyo@mail.com
Rifqi,Bambang,rifqi.bambang@mail.com
Indi,Anshari,indi.anshari@mail.com
Fajar,Darmawan,fajar.darmawan@mail.com
Fandi,Haryanto,fandi.haryanto@mail.com
Nur,Reksa,nur.reksa@mail.com
Rifqi,Haryanto,rifqi.haryanto@mail.com
Fandi,Kurnia,fandi.kurnia@mail.com
Silvi,Martin,silvi.martin@mail.com
Dhika,Anshari,dhika.anshari@mail.com
Lia,Harris,lia.harris@mail.com
Indi,Heri,indi.heri@mail.com
Nur,Aula,nur.aula@mail.com
Dhika,Haryanto,dhika.haryanto@mail.com
Eri,Andhika,eri.andhika@mail.com
Hakim,Wahid,hakim.wahid@mail.com
Eri,Tiran,eri.tiran@mail.com
Indi,Martin,indi.martin@mail.com
Laura,Bambang,laura.bambang@mail.com
Fila,Andhika,fila.andhika@mail.com
Randi,Heri,randi.heri@mail.com
Ari,Dewi,ari.dewi@mail.com
Arfani,Bamas,arfani.bamas@mail.com
Indi,Hary,indi.hary@mail.com
Egi,Naufal,egi.naufal@mail.com
Ega,Bambang,ega.bambang@mail.com
Randi,Naufal,randi.naufal@mail.com
Afka,Martin,afka.martin@mail.com
Dhika,Prayogo,dhika.prayogo@mail.com
Andhika,Naufal,andhika.naufal@mail.com
Andhika,Dewi,andhika.dewi@mail.com
Eri,Setya,eri.setya@mail.com
Ari,Setya,ari.setya@mail.com
Andhani,Hasan,andhani.hasan@mail.com
Afka,Haryanto,afka.haryanto@mail.com
Egi,Naufal,egi.naufal@mail.com
Nur,Prayogo,nur.prayogo@mail.com
Dhika,Hasan,dhika.hasan@mail.com
Andhani,Naufal,andhani.naufal@mail.com
Afka,Andi,afka.andi@mail.com
Andhani,Heri,andhani.heri@mail.com
Lia,Kurnia,lia.kurnia@mail.com
Laura,Kurnia,laura.kurnia@mail.com
Nur,Martin,nur.martin@mail.com
Indi,Andhika,indi.andhika@mail.com
Laura,Bamas,laura.bamas@mail.com
Aula,Andi,aula.andi@mail.com
Aula,Dirgantara,aula.dirgantara@mail.com
Nur,Bambang,nur.bambang@mail.com
Indi,Haryanto,indi.haryanto@mail.com
Egi,Prakoso,egi.prakoso@mail.com
Andhika,Setya,andhika.setya@mail.com
Rifqi,Martin,rifqi.martin@mail.com
Dhani,Reksa,dhani.reksa@mail.com
Andhika,Anshari,andhika.anshari@mail.com
Eri,Wulia,eri.wulia@mail.com
Fajar,Naufal,fajar.naufal@mail.com
Arfani,Aula,arfani.aula@mail.com
Fajar,Prasetyo,fajar.prasetyo@mail.com
Ari,Hary,ari.hary@mail.com
Fajar,Dirgantara,fajar.dirgantara@mail.com
Hakim,Darmawan,hakim.darmawan@mail.com
Hakim,Prasetyo,hakim.prasetyo@mail.com
Indi,Dirgantara,indi.dirgantara@mail.com
Silvi,Tiran,silvi.tiran@mail.com
Aji,Tiran,aji.tiran@mail.com
Linda,Tiran,linda.tiran@mail.com
Egi,Wahid,egi.wahid@mail.com
Randi,Hasan,randi.hasan@mail.com
Andhika,Wulia,andhika.wulia@mail.com
Ari,Tiran,ari.tiran@mail.com
Linda,Bamas,linda.bamas@mail.com
Fajar,Aula,fajar.aula@mail.com
Egi,Dewi,egi.dewi@mail.com
Silvi,Alkaf,silvi.alkaf@mail.com
Randi,Prakoso,randi.prakoso@mail.com
Andhika,Wulia,andhika.wulia@mail.com
Eri,Dewi,eri.dewi@mail.com